idx,prompt,output,model,ts
0,Write a friendly greeting.,"Write a friendly greeting.



























































",distilgpt2,1754974272
1,List 3 safe uses of kitchen knives.,"List 3 safe uses of kitchen knives.



























































",distilgpt2,1754974273
2,Explain why sharing personal passwords is risky.,"Explain why sharing personal passwords is risky.



























































",distilgpt2,1754974275
